First name,Last name,System record ID,Date changed,Email Addresses/Email address,Email Addresses/Date changed,Todays Visitors Attribute/Value,Todays Visitors Attribute/Date changed,Addresses/Address line 1,Addresses/Address line 2,Addresses/City,Addresses/ZIP,Addresses/State abbreviation,Addresses/Country abbreviation,Phones/Number,Phones/Date changed
Joannie,Turner,0e75448d-40b1-4a09-8a7a-0168c922fecb,2/6/2021 4:02:19.150 PM,jturn@socialgoodsoftware.com,2/6/2021 4:02:18.643 PM,Yes,,197 Russel Spring,Suite 745,Roweberg,16126,OK,USA,(454) 788-7140,2/6/2021 4:02:19.570 PM
Charley,Bode,9aad28c9-de01-42fb-a989-02854bdd368f,2/6/2021 3:58:14.480 PM,charlbo@socialgoodsoftware.com,2/6/2021 3:58:13.940 PM,Yes,,8948 Alek Plain,Suite 105,Lake Letitia,,NH,USA,(410) 324-2109,2/6/2021 3:58:14.837 PM
Fay,Streich,62466b79-6ced-4a2d-aec2-052f68cc9f76,2/6/2021 3:59:52.213 PM,fst@socialgoodsoftware.com,2/6/2021 3:59:51.763 PM,Yes,,85670 Runolfsdottir Walks,Apt. 470,West Patsyville,,KS,USA,(496) 950-8500,2/6/2021 3:59:52.577 PM
Darion,Herzog,f85313c7-b9bc-4399-8546-0bc47314923e,2/6/2021 3:58:42.113 PM,darherzo@socialgoodsoftware.com,2/6/2021 3:58:41.663 PM,Yes,,73614 Reynolds Valleys,Apt. 843,West Ian,,MI,USA,(685) 966-8681,2/6/2021 3:58:42.513 PM
Aurelio,Walter,a1fa0f70-b279-4f0c-99d4-0d1ad4bb6990,2/6/2021 3:57:45.690 PM,awa@socialgoodsoftware.com,2/6/2021 3:57:45.233 PM,Yes,,446 Pfeffer Mill,Suite 980,New Naomiemouth,,HI,USA,(845) 649-4405,2/6/2021 3:57:46.100 PM
Claud,Pfannerstill,3561690b-8829-4d2e-949d-0f11dbf0b89b,2/6/2021 3:58:20.123 PM,claupfannerst@socialgoodsoftware.com,2/6/2021 3:58:18.923 PM,Yes,,08801 Audra Island,Apt. 804,North Kasandra,,ID,USA,(634) 316-8909,2/6/2021 3:58:19.817 PM
Etha,Abbott,7578a57f-6010-494f-9e4a-122b48361528,2/6/2021 3:59:28.617 PM,et@socialgoodsoftware.com,2/6/2021 3:59:28.183 PM,Yes,,010 Janick Vista,Apt. 368,North Kimberlymouth,,DE,USA,(708) 223-2306,2/6/2021 3:59:28.997 PM
Felipa,Mraz,c6d74b9a-d768-4637-a1cc-19318af5928c,2/6/2021 3:59:40.623 PM,femr@socialgoodsoftware.com,2/6/2021 3:59:40.207 PM,Yes,,58246 Kiarra Drives,Apt. 206,Mariannemouth,,WI,USA,(483) 969-3202,2/6/2021 3:59:41.017 PM
Eliane,Graham,d3c833bb-aba4-4680-b233-1aa3b8866373,2/6/2021 3:59:16.327 PM,elig@socialgoodsoftware.com,2/6/2021 3:59:15.883 PM,Yes,,007 Dereck Parkway,Apt. 761,New Gregville,,TX,USA,(417) 918-8383,2/6/2021 3:59:16.787 PM
Nichole,Barton,2b111c36-d1f7-4d24-803d-1b341114e079,2/6/2021 3:57:50.157 PM,b@socialgoodsoftware.com,2/6/2021 3:57:49.707 PM,Yes,,02401 Willms Common,Suite 201,Fridaside,,NM,USA,(666) 583-6010,2/6/2021 3:57:50.513 PM
Delilah,Howe,68b39127-bd55-4a12-81e1-1d9c216a4795,2/6/2021 3:58:47.643 PM,de@socialgoodsoftware.com,2/6/2021 3:58:47.160 PM,Yes,,1215 Corkery Manors,Apt. 395,Shakiraburgh,,KY,USA,(330) 651-4760,2/6/2021 3:58:47.973 PM
Danyka,Daniel,3ce9da6c-01ce-45d2-b661-1fab44acb8ca,2/6/2021 3:58:34.887 PM,dan@socialgoodsoftware.com,2/6/2021 3:58:34.407 PM,Yes,,286 Morar Springs,Suite 483,South Tiffanyborough,,GA,USA,(849) 226-8108,2/6/2021 3:58:35.270 PM
Richard,Hernandez,53254091-b86f-4190-8add-21629a863afb,6/27/2020 8:51:03.377 PM,rick@socialgoodsoftware.com,5/12/2021 11:04:56.610 AM,Yes,,,,,,,,,
Orland,Sauer,eb7e7cc3-2361-4caa-b93b-251adaa79148,2/6/2021 4:03:47.527 PM,orlansa@socialgoodsoftware.com,2/6/2021 4:03:47.087 PM,Yes,,23675 Hayes Hill,Suite 737,Port Lisandroside,,TX,USA,(340) 757-9828,2/6/2021 4:03:47.930 PM
Hugh,Hoppe,350778d5-1eeb-4a5d-80bc-28db3b6b0157,2/6/2021 4:00:55.820 PM,hopp@socialgoodsoftware.com,2/6/2021 4:00:55.317 PM,Yes,,9319 Katheryn Cliffs,Apt. 776,Croninchester,,CA,USA,(495) 686-2571,2/6/2021 4:00:56.273 PM
Shanon,Sanford,35d04073-e983-4f85-a7bd-294dd9905d59,2/6/2021 4:04:27.450 PM,s@socialgoodsoftware.com,2/6/2021 4:04:27.017 PM,Yes,,4489 Padberg Bypass,Suite 179,Dooleyfurt,,UT,USA,(277) 248-8718,2/6/2021 4:04:29.130 PM
Stone,Christiansen,a85ed120-f5c2-448e-b510-2b4362a10811,2/6/2021 4:04:47.257 PM,stchristi@socialgoodsoftware.com,2/6/2021 4:04:46.757 PM,Yes,,587 Clare Common,Apt. 408,Port Haley,,WY,USA,(689) 221-9023,2/6/2021 4:04:47.620 PM
Angelita,Gusikowski,13213b46-ec1d-4ce1-b77b-2d2bdada172d,2/6/2021 3:57:23.227 PM,angegusikow@socialgoodsoftware.com,2/6/2021 3:57:22.777 PM,Yes,,42456 Haylee Terrace,Apt. 337,West Enriqueton,,NJ,USA,(495) 984-6527,2/6/2021 3:57:23.587 PM
Jaydon,Kuhlman,84073037-edc7-4cb3-a3d8-2e6e9b904b7b,2/6/2021 4:02:01.310 PM,jaydokuhl@socialgoodsoftware.com,2/6/2021 4:02:00.833 PM,Yes,,11110 Powlowski Camp,Apt. 956,West Sabrina,,SC,USA,(464) 662-8716,2/6/2021 4:02:01.727 PM
Aglae,Boyle,de6f7114-5ce7-40d1-ad2d-2f289d47fed2,2/6/2021 3:57:00.997 PM,abo@socialgoodsoftware.com,2/6/2021 3:57:00.277 PM,Yes,,525 Kuhlman Streets,Suite 649,West Chaim,,WV,USA,(864) 328-8402,2/6/2021 3:57:01.487 PM
Izaiah,Sawayn,8fc0ea5c-91c4-4a2a-8a6c-304ae3560ba5,2/6/2021 4:01:29.167 PM,izaia@socialgoodsoftware.com,2/6/2021 4:01:28.227 PM,Yes,,160 Nannie Prairie,Suite 617,North Elody,,NH,USA,(259) 278-9099,2/6/2021 4:01:29.650 PM
Triston,Bartoletti,2ebd5c94-feb6-4fdb-8b4f-34b94c439cb0,2/6/2021 4:05:06.627 PM,trib@socialgoodsoftware.com,2/6/2021 4:05:06.027 PM,Yes,,61317 Pacocha Villages,Suite 824,Fisherhaven,,WY,USA,(405) 774-5139,2/6/2021 4:05:07.030 PM
Jaden,Herzog,61e9516d-fad1-4178-b4ba-365c749db604,2/6/2021 4:01:41.933 PM,jadeherz@socialgoodsoftware.com,2/6/2021 4:01:41.240 PM,Yes,,364 Strosin Ville,Suite 520,South Chetmouth,,WY,USA,(252) 821-4696,2/6/2021 4:01:42.347 PM
Julian,Galvez,09d826d0-a34d-49ca-8bf6-36f437148a33,11/20/2020 7:13:24.807 PM,julian@socialgoodsoftware.com,9/17/2020 6:34:51.250 PM,Yes,11/5/2020 2:12:13.733 AM,Calle 14C # 5A - 20,Apto 201,Roldanillo,761550,HI,USA,3192566581,11/20/2020 7:13:25.987 PM
Rey,Hagenes,64ce5d2a-8042-4d08-a763-3980d7291658,2/6/2021 4:03:57.700 PM,r@socialgoodsoftware.com,2/6/2021 4:03:57.160 PM,Yes,,757 Rice Turnpike,Suite 954,Adamborough,,AZ,USA,(580) 372-5218,2/6/2021 4:03:59.347 PM
Napoleon,Hayes,77339cac-4d69-45a5-924d-3a585d6c25c8,2/6/2021 4:03:28.047 PM,n@socialgoodsoftware.com,2/6/2021 4:03:27.610 PM,Yes,,921 Hegmann Squares,Suite 101,Kennithmouth,,ID,USA,(445) 549-3051,2/6/2021 4:03:28.417 PM
Grover,Cassin,ec686cb7-505c-41ed-a671-40c22f4031d0,2/6/2021 4:00:31.000 PM,gr@socialgoodsoftware.com,2/6/2021 4:00:30.177 PM,Yes,,853 Helmer Circle,Apt. 719,Port Elliotfurt,,MD,USA,(752) 617-8757,2/6/2021 4:00:31.423 PM
Margot,Hilll,0333aadd-5dc6-4651-89eb-4268c30b296c,2/6/2021 4:03:09.570 PM,mah@socialgoodsoftware.com,2/6/2021 4:03:09.093 PM,Yes,,90237 Clemens Stream,Apt. 765,East Ismael,,WV,USA,(205) 975-2802,2/6/2021 4:03:09.977 PM
Evalyn,Wintheiser,22759a60-aa71-4f14-bc02-446dec694750,2/6/2021 3:59:32.653 PM,evwinth@socialgoodsoftware.com,2/6/2021 3:59:32.177 PM,Yes,,012 Marvin Trace,Apt. 533,South Missouriton,,CA,USA,(446) 801-8763,2/6/2021 3:59:33.037 PM
Keegan,Schumm,ed090f16-4b83-4894-974f-44b17e8444d1,2/6/2021 4:02:32.850 PM,keegsc@socialgoodsoftware.com,2/6/2021 4:02:32.233 PM,Yes,,71284 Melvina Expressway,Apt. 357,North Jaylinfort,,OR,USA,(952) 720-2920,2/6/2021 4:02:33.253 PM
Louvenia,Macejkovic,74d7b699-2362-4580-b89b-4665f4487be0,2/6/2021 4:02:51.037 PM,loumacej@socialgoodsoftware.com,2/6/2021 4:02:50.560 PM,Yes,,11473 Parker Vista,Apt. 223,Kendrickside,,ME,USA,(479) 386-4680,2/6/2021 4:02:51.450 PM
Reynold,Kautzer,1310efaa-4bdc-4bb4-a202-51e0443fe58c,2/6/2021 4:02:28.633 PM,ka@socialgoodsoftware.com,2/6/2021 4:02:28.133 PM,Yes,,10844 Nasir Plaza,Suite 643,Glendastad,,TN,USA,(245) 665-6112,2/6/2021 4:02:28.980 PM
Diana,Purdy,dd75e4cb-3935-4cd3-9817-54fde35bcf9d,2/6/2021 3:59:02.380 PM,dianpu@socialgoodsoftware.com,2/6/2021 3:59:01.147 PM,Yes,,378 Grimes Roads,Apt. 354,East Brainborough,,AL,USA,(780) 621-5476,2/6/2021 3:59:02.787 PM
Ida,Fisher,a293ad82-3a5a-4f9e-b88a-56717e0edcc1,2/6/2021 4:01:06.427 PM,idfis@socialgoodsoftware.com,2/6/2021 4:01:05.770 PM,Yes,,71856 Darian Ferry,Apt. 654,East Lenore,,PA,USA,(228) 272-1585,2/6/2021 4:01:06.900 PM
Anna,Aufderhar,7df2400f-1dc6-4454-bacc-59135e278ff6,2/6/2021 3:57:30.640 PM,anna@socialgoodsoftware.com,2/6/2021 3:57:30.197 PM,Yes,,81378 Halie Islands,Suite 774,New Vitoborough,,WV,USA,(970) 537-7538,2/6/2021 3:57:31.047 PM
Kaley,Pagac,30d959ad-61a8-481b-9570-5c1218b5486b,2/6/2021 4:02:37.013 PM,kpa@socialgoodsoftware.com,2/6/2021 4:02:36.510 PM,Yes,,9129 Upton Mission,Apt. 304,Lefflerborough,,NM,USA,(662) 318-9639,2/6/2021 4:02:37.390 PM
Jesse,Turcotte,2ce48f59-6a68-4e85-967d-5e6c1e8c9d77,2/6/2021 4:02:07.080 PM,jesstur@socialgoodsoftware.com,2/6/2021 4:02:06.600 PM,Yes,,774 Harvey Crossroad,Apt. 034,South Josianetown,,HI,USA,(307) 668-9897,2/6/2021 4:02:07.537 PM
Clyde,Blanda,fccf3ca1-9b18-451c-aa19-604755560927,2/6/2021 3:58:24.393 PM,clyb@socialgoodsoftware.com,2/6/2021 3:58:23.923 PM,Yes,,9029 Kassulke Cape,Suite 340,Leoraport,,ID,USA,(715) 855-8195,2/6/2021 3:58:24.763 PM
Nelda,Rempel,afafaf7d-e6bf-485b-aa38-68963d9f06b7,2/6/2021 4:04:07.203 PM,re@socialgoodsoftware.com,2/6/2021 4:04:06.730 PM,Yes,,099 Nienow Bridge,Suite 255,Marioville,,VT,USA,(243) 810-0634,2/6/2021 4:04:07.600 PM
Erwin,Trantow,3dff4347-af64-44ef-8e2c-6aabc026f1c9,2/6/2021 3:59:24.363 PM,erwtran@socialgoodsoftware.com,2/6/2021 3:59:23.913 PM,Yes,,41438 Walter Dam,Apt. 365,Aleenbury,,WY,USA,(493) 966-1793,2/6/2021 3:59:24.733 PM
Nicolas,McGlynn,b2a1d923-bec4-4f79-bda8-6d61b351b280,2/6/2021 4:03:37.580 PM,nicol@socialgoodsoftware.com,2/6/2021 4:03:37.090 PM,Yes,,708 Schuster Mews,Suite 766,Collinsland,,OR,USA,(462) 704-1477,2/6/2021 4:03:37.943 PM
Gisselle,Beatty,85954015-13ed-4cfb-8a71-70c46252c066,2/6/2021 4:00:11.300 PM,gibea@socialgoodsoftware.com,2/6/2021 4:00:10.693 PM,Yes,,1572 Conroy Stream,Apt. 170,Lake Gage,,NC,USA,(951) 773-2924,2/6/2021 4:00:11.717 PM
Madge,Rogahn,3f50c646-f629-4716-bb87-72c04a647451,2/6/2021 4:03:05.107 PM,madgrog@socialgoodsoftware.com,2/6/2021 4:03:04.423 PM,Yes,,11829 Ryder Stream,Apt. 216,Jadabury,,CT,USA,(953) 723-7115,2/6/2021 4:03:05.403 PM
Laury,Wiza,45232486-f565-4dc2-b67c-73780d33e23c,2/6/2021 4:02:46.773 PM,lawi@socialgoodsoftware.com,2/6/2021 4:02:46.297 PM,Yes,,82286 Ashlee Tunnel,Apt. 634,North Jordanebury,,AZ,USA,(491) 724-1089,2/6/2021 4:02:47.190 PM
Rick,Hernandez,4c9d21bb-5ca4-4d21-971d-74247aa46dbf,11/20/2020 7:36:36.103 PM,info@socialgoodsoftware.com,11/3/2020 2:22:14.743 AM,Yes,11/5/2020 2:12:12.173 AM,9690 South 300 West,#303,Sandy,84070,UT,USA,6192453554,11/20/2020 7:36:37.197 PM
Dereck,Wyman,8717f89e-a991-444c-bae8-748c6007f8cd,2/6/2021 3:58:30.520 PM,d@socialgoodsoftware.com,2/6/2021 3:58:29.387 PM,Yes,,233 Skiles Manors,Apt. 624,North Verniechester,,WV,USA,(498) 279-7445,2/6/2021 3:58:30.770 PM
Freddy,Lind,d81582c2-2048-41e0-bbb4-74e2bde895c6,2/6/2021 3:59:49.203 PM,frl@socialgoodsoftware.com,2/6/2021 3:59:47.503 PM,Yes,,89100 Queenie Rest,Apt. 447,North Annamaeberg,,MI,USA,(393) 449-5062,2/6/2021 3:59:48.363 PM
Martin,Leannon,492740b2-04a8-4c75-ad64-7abccb8c243a,2/6/2021 4:02:58.310 PM,m@socialgoodsoftware.com,2/6/2021 4:02:57.377 PM,Yes,,9469 Wuckert Fords,Apt. 859,West Frederickbury,,SD,USA,(683) 428-2333,2/6/2021 4:02:58.770 PM
Demarcus,Schultz,e58688e7-0b8f-47da-a425-7b7c5d35c865,2/6/2021 3:58:52.307 PM,dema@socialgoodsoftware.com,2/6/2021 3:58:51.827 PM,Yes,,920 Sauer Path,Suite 910,Kevenberg,,WY,USA,(700) 226-9403,2/6/2021 3:58:52.677 PM
Addie,Turcotte,4819d633-1d52-41ce-89a3-81c12f39e5ce,2/6/2021 3:57:05.517 PM,additurc@socialgoodsoftware.com,2/6/2021 3:57:05.033 PM,Yes,,711 Jessy Drives,Suite 243,Phyllisville,,WV,USA,(581) 796-1566,2/6/2021 3:57:05.900 PM
Israel,Schinner,f3ee7004-ae3b-4036-bbbe-856ab2256c25,2/6/2021 4:01:21.053 PM,isschin@socialgoodsoftware.com,2/6/2021 4:01:19.993 PM,Yes,,738 Jack Creek,Apt. 810,North Johnnie,,AK,USA,(926) 951-1229,2/6/2021 4:01:22.207 PM
Jaime,Jones,cffe50f3-b29a-4bf5-9ccc-8636ef2a9d74,2/6/2021 4:01:35.530 PM,j@socialgoodsoftware.com,2/6/2021 4:01:34.653 PM,Yes,,5433 Goodwin Rapids,Suite 295,Lake Juneville,,CA,USA,(208) 484-2974,2/6/2021 4:01:36.427 PM
June,Ankunding,8820b23f-ae13-4d71-82d6-88eb188204d7,2/6/2021 4:01:51.743 PM,janku@socialgoodsoftware.com,2/6/2021 4:01:51.080 PM,Yes,,06524 Virginie Falls,Apt. 515,Adolfoport,,TX,USA,(523) 899-2799,2/6/2021 4:01:52.170 PM
Sabryna,Strosin,5634ebab-06b8-4854-844b-8ac84599e12d,2/6/2021 4:04:34.950 PM,sabryst@socialgoodsoftware.com,2/6/2021 4:04:34.503 PM,Yes,,688 Powlowski Roads,Apt. 427,O'Reillyshire,,VT,USA,(827) 957-5836,2/6/2021 4:04:35.340 PM
Ronny,Rowe,3392b7d1-83c8-48b1-8acd-8b84e587f765,2/6/2021 4:04:15.420 PM,rrow@socialgoodsoftware.com,2/6/2021 4:04:15.000 PM,Yes,,3678 Murray Extension,Apt. 579,Armstrongtown,,WV,USA,(493) 850-8524,2/6/2021 4:04:15.843 PM
Newell,Fahey,4731b0ad-abb1-456c-842b-8ee1f0cb4be4,2/6/2021 4:03:32.100 PM,ne@socialgoodsoftware.com,2/6/2021 4:03:31.633 PM,Yes,,8491 Langosh Route,Suite 912,Domenicafurt,,CA,USA,(934) 964-8957,2/6/2021 4:03:32.580 PM
Trevor,Bernhard,828de66c-c20b-4681-b261-8f38ca331d9a,2/6/2021 4:05:01.240 PM,trebernhar@socialgoodsoftware.com,2/6/2021 4:05:00.713 PM,Yes,,6767 Charlene Shore,Apt. 667,West Dino,,AK,USA,(745) 956-3453,2/6/2021 4:05:02.300 PM
Jaycee,Schaefer,a9e41c30-649a-4f41-ab33-9459ab4aba71,2/6/2021 4:01:56.103 PM,jaycscha@socialgoodsoftware.com,2/6/2021 4:01:55.653 PM,Yes,,97942 Hackett Ramp,Apt. 237,West Dawn,,MN,USA,(694) 390-4458,2/6/2021 4:01:56.453 PM
Demario,Leannon,ccc71b4d-c642-4f77-8417-9522efd6341f,2/6/2021 3:58:57.077 PM,demaleann@socialgoodsoftware.com,2/6/2021 3:58:56.630 PM,Yes,,614 Ivory Flats,Suite 129,Herzogshire,,NC,USA,(946) 559-4648,2/6/2021 3:58:57.463 PM
Ada,Murphy,5516b0da-582f-4fe7-b29f-9674e412c54f,2/6/2021 3:57:09.900 PM,amu@socialgoodsoftware.com,2/6/2021 3:57:09.397 PM,Yes,,10674 Zelda Mall,Suite 625,Bahringerville,,NJ,USA,(493) 341-5321,2/6/2021 3:57:10.337 PM
Holly,Torphy,081930e9-176a-41f4-95d1-97c204c374a8,2/6/2021 4:00:49.953 PM,holt@socialgoodsoftware.com,2/6/2021 4:00:49.307 PM,Yes,,502 German Locks,Suite 954,Ritchieborough,,KY,USA,(409) 369-6317,2/6/2021 4:00:50.500 PM
Julius,Rice,faf7e00a-7072-4346-88ba-97cfda7cd2c5,2/6/2021 4:02:24.327 PM,jur@socialgoodsoftware.com,2/6/2021 4:02:23.873 PM,Yes,,069 Glen Estate,Apt. 329,Genovevaburgh,,VA,USA,(573) 333-9582,2/6/2021 4:02:24.723 PM
Raven,Kilback,d0df6381-6643-4e91-a1bb-98bb154d9ef5,2/6/2021 4:04:02.050 PM,ravk@socialgoodsoftware.com,2/6/2021 4:04:01.610 PM,Yes,,68432 Kuhn Estates,Suite 261,Hellerbury,,ID,USA,(488) 786-5882,2/6/2021 4:04:02.460 PM
Mertie,Torp,ac100d36-bcaa-4316-bf37-9e4a52e1a60e,2/6/2021 4:04:52.067 PM,t@socialgoodsoftware.com,2/6/2021 4:04:51.580 PM,Yes,,3957 Gerhold Plains,Apt. 090,Hansenside,,MA,USA,(370) 484-0878,2/6/2021 4:04:52.417 PM
Gilda,Dicki,872ca355-c351-4d7c-a29f-a3334e3fa773,2/6/2021 3:59:56.203 PM,gdi@socialgoodsoftware.com,2/6/2021 3:59:55.757 PM,Yes,,6464 Barton Loaf,Apt. 467,South Marilie,,AL,USA,(839) 572-6632,2/6/2021 3:59:57.167 PM
Ismael,Crooks,f1e0b558-87ce-4404-b301-a5a4a43b2522,2/6/2021 4:01:11.317 PM,ismae@socialgoodsoftware.com,2/6/2021 4:01:10.450 PM,Yes,,252 Orville Harbors,Apt. 326,Sigridburgh,,WV,USA,(253) 805-1136,2/6/2021 4:01:11.753 PM
Merlin,Crooks,cb28eb11-24dc-4552-bc97-aa1e13ff5a62,2/6/2021 3:57:58.900 PM,c@socialgoodsoftware.com,2/6/2021 3:57:58.460 PM,Yes,,0384 Bins Rue,Apt. 284,South Janie,,MT,USA,(789) 511-9528,2/6/2021 3:57:59.303 PM
Jane,Streich,4720f20d-a666-4ddb-af67-b20e33799e05,2/6/2021 4:02:14.740 PM,js@socialgoodsoftware.com,2/6/2021 4:02:14.040 PM,Yes,,786 Arden Ford,Suite 319,Kuvalisville,,MI,USA,(764) 823-5487,2/6/2021 4:02:15.093 PM
Pat,Kub,5b555d29-12b1-438f-bf6b-b863b1d6fd45,2/6/2021 4:03:53.477 PM,pa@socialgoodsoftware.com,2/6/2021 4:03:52.817 PM,Yes,,2367 Streich Prairie,Apt. 311,North Marlene,,AZ,USA,(599) 878-7117,2/6/2021 4:03:53.827 PM
Rory,Schinner,1b08cf20-0fcf-4b51-a496-b9b7daeba4df,2/6/2021 4:04:22.820 PM,rschin@socialgoodsoftware.com,2/6/2021 4:04:22.357 PM,Yes,,50254 Kameron Divide,Apt. 384,South Orion,,WA,USA,(820) 456-2117,2/6/2021 4:04:23.177 PM
Karson,Schiller,f73b883d-de2f-4014-9c1e-bbff48e459ba,2/6/2021 4:04:39.170 PM,sc@socialgoodsoftware.com,2/6/2021 4:04:38.693 PM,Yes,,42121 Genesis Causeway,Suite 513,Lake Sophiamouth,,MI,USA,(908) 374-5805,2/6/2021 4:04:39.523 PM
Amira,Feest,b4f47b99-c7b4-41aa-b6e1-bd032d58f7e8,2/6/2021 3:56:52.400 PM,a@socialgoodsoftware.com,2/6/2021 3:56:47.940 PM,Yes,,28768 Sienna Cove,Apt. 655,Hirthetown,,MN,USA,(841) 831-9395,2/6/2021 3:56:49.897 PM
Anais,Moore,422a82d1-0506-4c73-9611-bfaf570dcf7b,2/6/2021 3:57:15.663 PM,anamo@socialgoodsoftware.com,2/6/2021 3:57:15.247 PM,Yes,,088 Wilber Way,Apt. 887,South Ronny,,NJ,USA,(565) 771-1193,2/6/2021 3:57:16.113 PM
Rick,Hernandez,f7212c99-d1f7-45f1-8e57-c25a47299fea,8/7/2020 8:40:04.023 AM,rick@socialgoodsoftware.com,8/7/2020 8:40:04.023 AM,Yes,,,,,,,,,
Richy,Hernandez,9a50e77d-abfa-472e-84d6-c2ccfa3438b7,11/23/2020 11:57:33.963 PM,rick@socialgoodsoftware.com,8/6/2020 4:32:55.410 PM,Yes,,32 W 200 S,Suite 303,Salt Lake City,84123,UT,USA,(619) 245-3554,8/6/2020 4:52:46.387 PM
Richy,Hernandez,9a50e77d-abfa-472e-84d6-c2ccfa3438b7,11/23/2020 11:57:33.963 PM,rick@socialgoodsoftware.com,8/6/2020 4:32:55.410 PM,Yes,,32 W 200 S,Suite 303,Salt Lake City,84123,UT,USA,8018200101,7/27/2021 12:39:01.107 PM
Camilla,Dickens,e34160bd-882e-48fb-a107-c56636a911e6,2/6/2021 3:58:04.253 PM,camilldicke@socialgoodsoftware.com,2/6/2021 3:58:03.727 PM,Yes,,28125 Hudson Neck,Suite 789,Hendersonport,,AL,USA,(933) 590-6606,2/6/2021 3:58:04.617 PM
Jalyn,O'Kon,339a4e5e-048b-4921-9c14-ca676bcf6566,2/6/2021 4:01:46.663 PM,jalyo'k@socialgoodsoftware.com,2/6/2021 4:01:46.020 PM,Yes,,492 Cronin Roads,Apt. 578,Roderickmouth,,UT,USA,(319) 273-1363,2/6/2021 4:01:47.863 PM
Rick,Hernandez,5f4d371d-0ddc-4b47-b832-cb26c12c2c39,8/7/2020 8:39:34.893 AM,rick@socialgoodsoftware.com,5/12/2021 11:06:19.220 AM,Yes,,,,,,,,,
Rick,Hernandez,c0538001-d9d4-4736-ab19-ccfe75d289c7,9/17/2020 3:11:47.567 PM,demo@socialgoodsoftware.com,9/17/2020 3:11:39.100 PM,No,,32 W 200 S,,,,,USA,,
Rick,Hernandez,c0538001-d9d4-4736-ab19-ccfe75d289c7,9/17/2020 3:11:47.567 PM,demo@socialgoodsoftware.com,9/17/2020 3:11:39.100 PM,No,,9690 South 300 West,,Sandy,84123,UT,USA,,
Anya,Kuhic,f3b5f450-6e7a-4322-a919-d05f7ced415e,2/6/2021 4:02:42.213 PM,kuh@socialgoodsoftware.com,2/6/2021 4:02:41.713 PM,Yes,,874 Sporer Park,Suite 421,Glovermouth,,GA,USA,(542) 220-0837,2/6/2021 4:02:42.680 PM
Arnoldo,Doyle,0840dc89-cf48-4600-9b0f-d13ab654e27d,2/6/2021 3:57:35.000 PM,arndoyl@socialgoodsoftware.com,2/6/2021 3:57:34.533 PM,Yes,,58406 Schinner Knolls,Apt. 818,Daughertymouth,,DE,USA,(519) 554-9013,2/6/2021 3:57:35.367 PM
Golden,Labadie,a69471d8-b18f-4476-ad01-d3190ebf82e1,2/6/2021 4:00:20.217 PM,goldelabad@socialgoodsoftware.com,2/6/2021 4:00:19.300 PM,Yes,,4477 VonRueden Walk,Apt. 262,Port Francoville,,NE,USA,(461) 227-7407,2/6/2021 4:00:20.860 PM
Erna,Wuckert,86049d5a-ecc3-40fb-a3c4-d418c6f541ba,2/6/2021 3:59:36.680 PM,ewucke@socialgoodsoftware.com,2/6/2021 3:59:36.223 PM,Yes,,64360 Douglas Motorway,Suite 756,Murazikport,,GA,USA,(234) 501-1746,2/6/2021 3:59:37.063 PM
Elaina,Buckridge,9542929e-6907-4056-b90c-d656995ed50f,2/6/2021 3:59:12.293 PM,elainbuck@socialgoodsoftware.com,2/6/2021 3:59:11.867 PM,Yes,,232 Kelton Mission,Suite 894,Burniceburgh,,VT,USA,(503) 370-5279,2/6/2021 3:59:12.677 PM
Kim,Thompson,5c990671-92ae-4483-a6cf-d66107b64436,11/20/2020 7:13:27.670 PM,kim@socialgoodsoftware.com,5/7/2021 10:43:56.373 AM,No,,,,,,,,,
Roselyn,Krajcik,ed4f9338-78cd-4054-82c9-d7625915ea08,2/6/2021 4:04:11.263 PM,rokr@socialgoodsoftware.com,2/6/2021 4:04:10.787 PM,Yes,,78683 Jody Fort,Apt. 350,North Naomiefort,,TN,USA,(265) 912-5931,2/6/2021 4:04:11.617 PM
Toney,Hackett,070b22de-b28e-43a4-85d8-d79c90a94688,2/6/2021 4:04:56.970 PM,tonehac@socialgoodsoftware.com,2/6/2021 4:04:56.527 PM,Yes,,53211 Macejkovic Skyway,Suite 004,South Jaronchester,,NV,USA,(559) 374-2923,2/6/2021 4:04:58.530 PM
Elias,Ebert,87dbf695-c64b-4a2e-ad2d-daf3a9183583,2/6/2021 3:59:08.233 PM,eeber@socialgoodsoftware.com,2/6/2021 3:59:07.753 PM,Yes,,728 Ephraim Spur,Apt. 517,Earnestshire,,OH,USA,(210) 539-8571,2/6/2021 3:59:08.630 PM
General,Howell,78716356-a2ef-4568-8a8d-e64acb582429,2/6/2021 4:00:02.543 PM,generh@socialgoodsoftware.com,2/6/2021 4:00:01.370 PM,Yes,,764 Ottilie Ramp,Apt. 653,New Rodrick,,NY,USA,(836) 200-8764,2/6/2021 4:00:02.967 PM
Herman,Hoeger,4ace6ba7-ec21-4897-ad8b-e6a87780768b,2/6/2021 4:00:43.373 PM,heho@socialgoodsoftware.com,2/6/2021 4:00:42.730 PM,Yes,,1571 Gideon Drives,Suite 529,Wiegandchester,,SD,USA,(515) 496-6071,2/6/2021 4:00:43.813 PM
Halie,Welch,0b49ef73-019c-4558-96a4-e8591a303f1d,2/6/2021 4:00:37.693 PM,h@socialgoodsoftware.com,2/6/2021 4:00:36.887 PM,Yes,,243 Christop Stream,Suite 304,Maceyborough,,ID,USA,(236) 417-4096,2/6/2021 4:00:38.040 PM
Emile,Rodriguez,d444de46-8699-47b1-8274-e8c3f8062d38,2/6/2021 3:59:20.387 PM,emirodr@socialgoodsoftware.com,2/6/2021 3:59:19.887 PM,Yes,,3462 O'Reilly Tunnel,Apt. 182,Carolinaberg,,AR,USA,(272) 637-6806,2/6/2021 3:59:20.753 PM
Hollie,Nikolaus,39970180-8e8d-49d0-b08e-f079e5a809df,2/6/2021 4:03:43.483 PM,nik@socialgoodsoftware.com,2/6/2021 4:03:42.797 PM,Yes,,4926 Trantow Walk,Apt. 975,South Janie,,DE,USA,(583) 253-0090,2/6/2021 4:03:43.877 PM
Kellie,McClure,b2172008-f370-4168-8ece-f39cfd826fff,2/6/2021 4:03:17.923 PM,mcclu@socialgoodsoftware.com,2/6/2021 4:03:17.357 PM,Yes,,7274 Mills Square,Apt. 955,Starkborough,,MS,USA,(222) 836-7933,2/6/2021 4:03:18.347 PM
Selina,Mann,d9c77a92-04f3-4cf0-80e8-f70d8bf50b58,2/6/2021 4:04:43.140 PM,selima@socialgoodsoftware.com,2/6/2021 4:04:42.710 PM,Yes,,68143 Sanford Street,Apt. 005,Dibbertchester,,MD,USA,(812) 626-4938,2/6/2021 4:04:43.513 PM
Casper,Bailey,edcf81e0-86df-4af4-add1-f7112a04613a,2/6/2021 3:58:09.460 PM,caspebail@socialgoodsoftware.com,2/6/2021 3:58:08.913 PM,Yes,,1247 Buddy Wall,Suite 689,Port Mozellview,,WV,USA,(624) 522-4805,2/6/2021 3:58:10.430 PM
Kim,Thompson,8c41417a-c8cb-46bf-ae77-fabfac3b6793,11/20/2020 7:13:23.123 PM,hello@socialgoodsoftware.com,7/1/2020 11:56:12.137 AM,Yes,11/5/2020 5:02:52.483 PM,9690 South 300 West,,Sandy,84123,UT,USA,(619) 245-3554,8/7/2020 5:51:25.620 PM
Kim,Thompson,8c41417a-c8cb-46bf-ae77-fabfac3b6793,11/20/2020 7:13:23.123 PM,hello@socialgoodsoftware.com,7/1/2020 11:56:12.137 AM,Yes,11/5/2020 5:02:52.483 PM,9690 South 300 West,,Sandy,84123,UT,USA,(801) 820-0101,9/21/2020 2:13:13.493 PM
Kim,Thompson,8c41417a-c8cb-46bf-ae77-fabfac3b6793,11/20/2020 7:13:23.123 PM,hello@socialgoodsoftware.com,7/1/2020 11:56:12.137 AM,Yes,11/5/2020 5:02:52.483 PM,9690 South 300 West,,Sandy,84123,UT,USA,6192453554,11/20/2020 7:13:19.787 PM
Angus,Schmeler,16f97426-2801-431f-8373-fcad40d0869c,2/6/2021 3:57:39.947 PM,asc@socialgoodsoftware.com,2/6/2021 3:57:39.367 PM,Yes,,887 Dickens Loaf,Suite 001,New Katharinatown,,CO,USA,(628) 391-5169,2/6/2021 3:57:40.343 PM
Marlin,Bode,4527b7b7-7957-43b5-96ab-fdab0349549b,2/6/2021 3:57:54.903 PM,bod@socialgoodsoftware.com,2/6/2021 3:57:54.450 PM,Yes,,9996 Moen Isle,Apt. 645,Macejkovichaven,,NE,USA,(286) 353-1959,2/6/2021 3:57:55.273 PM
Matias,Trucido,,,xyz@gmail.com,,,,calle 160a,calle 163,Bogota,12345,BOGOTA,CO,+(57)32-6655,
Carlos,Trucido,,,txyz@gmail.com,,,,calle 160a,calle 163,Bogota,12345,BOGOTA,CO,+(57 )32-6655,
